model_name,HF_URL,downloads,has_modelcard,word_cnt,short_model_card(<=300),very_short_model_card(<=100),nonempty_section_num,empty_section_num,creation_year,creation_time
TahaDouaji/detr-doc-table-detection,https://huggingface.co/TahaDouaji/detr-doc-table-detection,16439,Yes,88.0,Yes,Yes,3.0,0.0,2022.0,2022-03-11
alvaroalon2/biobert_chemical_ner,https://huggingface.co/alvaroalon2/biobert_chemical_ner,419128,Yes,28.0,Yes,Yes,0.0,0.0,2021.0,2021-05-28
skt/kogpt2-base-v2,https://huggingface.co/skt/kogpt2-base-v2,27017,Yes,4.0,Yes,Yes,0.0,0.0,2021.0,2021-05-03
Unbabel/xlm-roberta-comet-small,https://huggingface.co/Unbabel/xlm-roberta-comet-small,15866,Yes,50.0,Yes,Yes,1.0,0.0,2021.0,2021-07-10
impira/layoutlm-document-classifier,https://huggingface.co/impira/layoutlm-document-classifier,35466,Yes,1.0,Yes,Yes,0.0,0.0,2022.0,2022-09-19
shahrukhx01/question-vs-statement-classifier,https://huggingface.co/shahrukhx01/question-vs-statement-classifier,17997,Yes,41.0,Yes,Yes,1.0,0.0,2021.0,2021-06-02
vennify/t5-base-grammar-correction,https://huggingface.co/vennify/t5-base-grammar-correction,64938,Yes,93.0,Yes,Yes,2.0,0.0,2021.0,2021-08-17
akreal/tiny-random-bert,https://huggingface.co/akreal/tiny-random-bert,5171,Yes,13.0,Yes,Yes,0.0,0.0,2021.0,2021-07-24
deepset/roberta-large-squad2,https://huggingface.co/deepset/roberta-large-squad2,176689,Yes,7.0,Yes,Yes,0.0,1.0,2021.0,2021-03-11
ml6team/bert-base-uncased-city-country-ner,https://huggingface.co/ml6team/bert-base-uncased-city-country-ner,55272,Yes,99.0,Yes,Yes,3.0,0.0,2022.0,2022-01-20
DaNLP/da-electra-hatespeech-detection,https://huggingface.co/DaNLP/da-electra-hatespeech-detection,7942,Yes,86.0,Yes,Yes,2.0,0.0,2022.0,2022-02-16
vasudevgupta/bigbird-roberta-natural-questions,https://huggingface.co/vasudevgupta/bigbird-roberta-natural-questions,15037,Yes,83.0,Yes,Yes,0.0,0.0,2021.0,2021-05-04
akdeniz27/roberta-large-cuad,https://huggingface.co/akdeniz27/roberta-large-cuad,5693,Yes,36.0,Yes,Yes,1.0,0.0,2021.0,2021-11-13
SkolkovoInstitute/roberta_toxicity_classifier_v1,https://huggingface.co/SkolkovoInstitute/roberta_toxicity_classifier_v1,14192,Yes,41.0,Yes,Yes,0.0,0.0,2021.0,2021-11-02
fxmarty/resnet-tiny-beans,https://huggingface.co/fxmarty/resnet-tiny-beans,5481,Yes,16.0,Yes,Yes,0.0,0.0,2022.0,2022-07-27
microsoft/unixcoder-base,https://huggingface.co/microsoft/unixcoder-base,9725,Yes,3.0,Yes,Yes,0.0,1.0,2022.0,2022-03-23
Zixtrauce/JohnBot,https://huggingface.co/Zixtrauce/JohnBot,4334,Yes,1.0,Yes,Yes,0.0,0.0,2022.0,2022-01-02
SAPOSS/password-model,https://huggingface.co/SAPOSS/password-model,6212,Yes,99.0,Yes,Yes,3.0,0.0,2021.0,2021-10-06
wietsedv/xlm-roberta-base-ft-udpos28-tr,https://huggingface.co/wietsedv/xlm-roberta-base-ft-udpos28-tr,6990,Yes,53.0,Yes,Yes,2.0,0.0,2022.0,2022-02-24
DaNLP/da-bert-tone-sentiment-polarity,https://huggingface.co/DaNLP/da-bert-tone-sentiment-polarity,11641,Yes,82.0,Yes,Yes,2.0,0.0,2021.0,2021-08-20
sberbank-ai/ruRoberta-large,https://huggingface.co/sberbank-ai/ruRoberta-large,69255,Yes,28.0,Yes,Yes,1.0,0.0,2021.0,2021-07-06
stanfordnlp/stanza-en,https://huggingface.co/stanfordnlp/stanza-en,5871,Yes,76.0,Yes,Yes,1.0,0.0,2021.0,2021-09-07
kykim/bertshared-kor-base,https://huggingface.co/kykim/bertshared-kor-base,168455,Yes,47.0,Yes,Yes,1.0,0.0,2021.0,2021-01-29
castorini/monot5-base-msmarco-10k,https://huggingface.co/castorini/monot5-base-msmarco-10k,8424,Yes,78.0,Yes,Yes,0.0,0.0,2021.0,2021-01-05
alvaroalon2/biobert_diseases_ner,https://huggingface.co/alvaroalon2/biobert_diseases_ner,14277,Yes,28.0,Yes,Yes,0.0,0.0,2021.0,2021-05-28
gogamza/kobart-base-v1,https://huggingface.co/gogamza/kobart-base-v1,6156,Yes,15.0,Yes,Yes,1.0,0.0,2021.0,2021-10-16
StanfordAIMI/stanford-deidentifier-base,https://huggingface.co/StanfordAIMI/stanford-deidentifier-base,11528,Yes,46.0,Yes,Yes,0.0,0.0,2022.0,2022-06-16
SkolkovoInstitute/t5-paraphrase-paws-msrp-opinosis-paranmt,https://huggingface.co/SkolkovoInstitute/t5-paraphrase-paws-msrp-opinosis-paranmt,7149,Yes,38.0,Yes,Yes,0.0,0.0,2021.0,2021-11-02
ufal/robeczech-base,https://huggingface.co/ufal/robeczech-base,39355,Yes,60.0,Yes,Yes,1.0,0.0,2021.0,2021-05-23
alvaroalon2/biobert_genetic_ner,https://huggingface.co/alvaroalon2/biobert_genetic_ner,11729,Yes,32.0,Yes,Yes,0.0,0.0,2021.0,2021-05-28
microsoft/unixcoder-base-nine,https://huggingface.co/microsoft/unixcoder-base-nine,6839,Yes,3.0,Yes,Yes,0.0,1.0,2022.0,2022-04-02
anferico/bert-for-patents,https://huggingface.co/anferico/bert-for-patents,3984,Yes,83.0,Yes,Yes,2.0,0.0,2021.0,2021-10-04
prithivida/parrot_adequacy_model,https://huggingface.co/prithivida/parrot_adequacy_model,109488,Yes,47.0,Yes,Yes,0.0,0.0,2022.0,2022-05-27
nreimers/MiniLMv2-L6-H384-distilled-from-BERT-Large,https://huggingface.co/nreimers/MiniLMv2-L6-H384-distilled-from-BERT-Large,7892,Yes,8.0,Yes,Yes,1.0,0.0,2021.0,2021-06-20
AlexKay/xlm-roberta-large-qa-multilingual-finedtuned-ru,https://huggingface.co/AlexKay/xlm-roberta-large-qa-multilingual-finedtuned-ru,7198,Yes,55.0,Yes,Yes,3.0,0.0,2021.0,2021-07-06
openai/clip-vit-large-patch14-336,https://huggingface.co/openai/clip-vit-large-patch14-336,33649,Yes,95.0,Yes,Yes,4.0,4.0,2022.0,2022-04-22
castorini/ance-msmarco-passage,https://huggingface.co/castorini/ance-msmarco-passage,5694,Yes,55.0,Yes,Yes,0.0,0.0,2021.0,2021-03-12
stanfordnlp/stanza-fr,https://huggingface.co/stanfordnlp/stanza-fr,24911,Yes,76.0,Yes,Yes,1.0,0.0,2021.0,2021-09-07
sberbank-ai/ruBert-base,https://huggingface.co/sberbank-ai/ruBert-base,10494,Yes,28.0,Yes,Yes,1.0,0.0,2021.0,2021-07-06
typeform/mobilebert-uncased-mnli,https://huggingface.co/typeform/mobilebert-uncased-mnli,54357,Yes,25.0,Yes,Yes,1.0,0.0,2021.0,2021-02-14
